company,career_url
3M,https://3m.wd1.myworkdayjobs.com/en-US/Search?Location_Country=c4f78be1a8f14da0ab49ce1162348a5e&timeType=dc2aabcc4311104e776cfce2b8c6007d
6sense,https://6sense.com/about-us/careers/join-us/?department=Engineering&country=India
Abnormal.ai❌,
Acko,https://careers.kula.ai/acko
Adobe,https://careers.adobe.com/us/en/search-results?qcountry=India
Agoda,https://careersatagoda.com/vacancies/?team%5B%5D=Technology&job_type%5B%5D=Regular
Airbnb,https://careers.airbnb.com/positions/?_search_input=engineer&_departments=engineering
AllState,
Amazon,https://www.amazon.jobs/en/search?offset=0&result_limit=10&sort=relevant&category%5B%5D=software-development&job_type%5B%5D=Full-Time&country%5B%5D=IND&state%5B%5D=Karnataka&city%5B%5D=Bengaluru&distanceType=Mi&radius=24km&is_manager%5B%5D=0&latitude=12.96643&longitude=77.58724&loc_group_id=&loc_query=Bangalore%2C%20KA%2C%20India&base_query=&city=Bengaluru&country=IND&region=Karnataka&county=Bengaluru&query_options=&
Amazon - AWS,https://www.amazon.jobs/en/search?offset=0&result_limit=10&sort=relevant&category%5B%5D=software-development&job_type%5B%5D=Full-Time&country%5B%5D=IND&business_category%5B%5D=amazon-web-services&distanceType=Mi&radius=24km&is_manager%5B%5D=0&latitude=&longitude=&loc_group_id=&loc_query=&base_query=&city=&country=&region=&county=&query_options=&
AMD,https://careers.amd.com/careers-home/jobs?page=1&categories=Engineering&city=Bangalore%7CBANGALORE&keywords=software&sortBy=relevance
American Express / Amex,https://aexp.eightfold.ai/careers?pid=38497901&location=Bengaluru%2C%20Karnataka%2C%20IN&hl=en&recommended=1
Angel One,https://www.angelone.in/careers?_career_department=engineering
Apollo,https://www.apollo.io/careers#open-positions
Apple,https://jobs.apple.com/en-in/search?location=bengaluru-BGS
Arcana,https://www.instahyre.com/jobs-at-arcana/
Arctic Wolf,https://arcticwolf.wd1.myworkdayjobs.com/External
Arkency,https://arkency.com/join-our-team/
Athena health,https://careers.athenahealth.com/us/en/search-results
Atlassian,https://www.atlassian.com/company/careers/all-jobs?team=Engineering&location=India&search=
Autodesk,https://www.autodesk.com/careers/overview
Automattic,https://automattic.com/jobs/
Avalara,https://app.careerpuck.com/job-board/avalara?locationId=yYsGtO46&departmentId=EyM5EW3S
Aviatrix,https://aviatrix.ai/company/careers/department/
Bewakoof,https://www.bewakoof.com/careers
Blink Health / BlinkRx,https://www.blinkhealth.com/careers
Blinkit,https://www.eternal.com/careers/
Bold,https://www.bold.com/bold-jobs/
Booking Holdings,https://www.bookingholdings.com/careers/careers-at-our-brands/
BookMyShow,https://in.bookmyshow.com/careers/job-listing?location=Bengaluru&team=Engineering
BrowserStack,https://browserstack.wd3.myworkdayjobs.com/External
Buffer,https://buffer.com/journey#open-roles
ByteDance,https://joinbytedance.com/search?recruitment_id_list=1&job_category_id_list=6704215862603155720&subject_id_list=&location_code_list=&keyword=&limit=12&offset=0
C2FO,https://in.c2fo.com/careers/
Canonical,https://canonical.com/careers/all?filter=Engineering
Cashfree Payments,https://www.cashfree.com/careers/
Certa,https://www.certa.ai/careers
Cisco,https://careers.cisco.com/global/en/search-results
ClearTrip,https://careers.cleartrip.com/cleartrip/jobslist
CloudTalk,https://www.cloudtalk.io/careers/#open-positions
CodeSignal,https://jobs.gem.com/codesignal/
Cohesity,https://www.cohesity.com/careers/open-positions/
Coinbase,https://www.coinbase.com/careers/positions?location=india
CoinDCX,https://careers.coindcx.com/opportunities/openings
CommerceIQ,https://www.commerceiq.ai/careers
Confluent,https://careers.confluent.io/jobs/engineering-india-bangalore-bengaluru?engineering=engineering
Constructor,https://constructor.com/about/careers
Contra,https://contra.com/careers
Coupang,https://www.coupang.jobs/en/jobs/?search=engineer&pagesize=20#results
Coursera,https://careers.coursera.com/jobs/search
CRED,https://careers.cred.club/openings
CrowdStrike,https://www.crowdstrike.com/en-us/careers/
DataArt,https://www.dataart.team/vacancies?countries=5794&locations=5795
Databricks,https://www.databricks.com/company/careers/open-positions
Datadog,https://careers.datadoghq.com/all-jobs/?remote%5B0%5D=Remote&parent_department_Engineering%5B0%5D=Engineering&child_department_Engineering%5B0%5D=Backend&child_department_Engineering%5B1%5D=Frontend
Decagon,https://decagon.ai/careers
Deel,https://www.deel.com/sv-se/careers/open-roles/
Delhivery,https://www.delhivery.com/careers
Dell,https://jobs.dell.com/en/search-jobs
Deloitte,https://www.deloitte.com/us/en/careers/careers.html
DialPad,https://www.dialpad.com/careers/open-opportunities/
Digicert,https://www.digicert.com/careers
Digital Ocean,https://www.digitalocean.com/careers/open-roles
Discord,https://discord.com/careers#all-jobs
Docker,https://www.docker.com/career-openings/
DocuSign,"https://careers.docusign.com/jobs?page=1&categories=Engineering&locations=Bengaluru,Karnataka,India"
Doist,https://doist.com/careers#open-roles
DoorDash,https://careersatdoordash.com/job-search/?function=&department=Engineering%7C&keyword=&location=&spage=1
DpWorld,https://www.dpworld.com/careers
Dropbox,https://jobs.dropbox.com/teams/engineering
DuckDuckGo,https://duckduckgo.com/hiring
eBay,https://jobs.ebayinc.com/us/en/search-results
Eventbrite,https://www.eventbritecareers.com/jobs/search
Fico,https://fico.wd1.myworkdayjobs.com/External
Flipkart,https://www.flipkartcareers.com/flipkart/jobslist
Freecharge,https://careers.freecharge.in/
Gameskraft,https://www.gameskraft.com/
Ghost,https://careers.ghost.org/?#vacancies
GitLab,https://about.gitlab.com/jobs/all-jobs/#engineering
Glean,https://www.glean.com/careers#open-positions
GoDaddy,https://careers.godaddy/jobs/search
Gojek,https://www.gojek.io/careers/all
Goldman Sachs,https://higher.gs.com/results?LOCATION=Bengaluru&page=1&search=software%20engineering&sort=RELEVANCE
GoodScore,https://www.instahyre.com/jobs-at-goodscore/
Google,https://www.google.com/about/careers/applications/jobs/results/
GoTo Technologies,https://www.goto.com/company/careers
Grab,https://www.grab.careers/en/jobs/?search=&team=Engineering&country=India&pagesize=20#results
Groww,https://job-boards.eu.greenhouse.io/groww?departments%5B%5D=4033721101&offices%5B%5D=4018977101
Hashedin,https://hashedin.com/careers
Headout,https://www.headout.com/careers/#open-roles
Hevo data,https://hevodata.com/careers/#open_positions
Hinge Health,"https://careers.hingehealth.com/jobs?page=1&location=Bengaluru,%20Karn%C4%81taka,%20India&woe=7&regionCode=IN&stretchUnit=MILES&stretch=10"
Hiver,https://hiverhq.com/careers#openposition
Hotstar/Disney,https://www.disneycareers.com/en/search-jobs/Bengaluru%2C%20Karnataka%2C%20India/391/4/1269750-1267701-1277331-1277333/12x9716/77x5946/100/2
HubSpot,https://www.hubspot.com/careers/jobs?hubs_signup-url=www.hubspot.com%2Fcareers&hubs_signup-cta=careers-homepage-hero&page=1#office=remote;department=product-ux-engineering;language=english;
IKEA,https://jobs.ikea.com/en/location/bengaluru-jobs/22908/1269750-1267701-1277333/4
InstaCart,https://instacart.careers/current-openings/
Intel,https://intel.wd1.myworkdayjobs.com/External?jobFamilyGroup=ace7a3d23b7e01a0544279031a0ec85c&locations=1e4a4eb3adf101f44070f976bf8184cf
Intuit,https://jobs.intuit.com/search-jobs 
Jane Street,https://www.janestreet.com/join-jane-street/open-roles/?type=experienced-candidates&location=hong-kong&department=technology
JFrog,https://join.jfrog.com/#open-positions
Jio,https://careers.jio.com/
JioHotstar/JioStar,https://jobs.lever.co/jiostar?location=Bengaluru&department=Software%20Engineering&commitment=Full%20Time
JPMorgan,https://jpmc.fa.oraclecloud.com/hcmUI/CandidateExperience/en/sites/CX_1001/jobs?keyword=engineer&lastSelectedFacet=CATEGORIES&location=Bengaluru%2C+Karnataka%2C+India&locationId=300000081145775&locationLevel=city&mode=location&radius=25&radiusUnit=KM&selectedCategoriesFacet=300000086152753
Justdial,https://www.justdial.com/cms/career-opportunities/all-cities/Technology/id-45
Kinsta,https://kinsta.com/careers/
LambdaTest,https://www.lambdatest.com/career
Levity,
Licious,https://careers.licious.com/teams/
LinkedIn,https://www.linkedin.com/company/linkedin/jobs/
Lumos,https://www.lumos.com/careers#open-positions
Lyft,https://www.lyft.com/careers#openings?category=software%2520engineering
Magic School AI,https://jobs.ashbyhq.com/magicschool?departmentId=37d5dedb-4474-4630-9874-0948b3f70165&employmentType=FullTime&locationId=2d234585-f0e1-4783-940e-b9d622109152
Mailbird,https://doc.clickup.com/20526368/d/h/kjd90-56056/8055bd45ed79fe3
Makemytrip,https://careers.makemytrip.com/prod/jobs
Meesho,"https://www.meesho.io/jobs?&t=Backend,Infrastructure,Demand,Frontend,Supply,Security"
Mercedes,https://jobs.mercedes-benz.com/en?en%3FParentOrganization=140&job_location=4047&job_location_name=%5B%22Bangalore%22%2C%22+Mercedes-Benz+Research+and+Development+India+%22%5D&OrganizationMemberCode=%5B%22IN560038A%22%2C%22IN410501A%22%2C%22IN560001A%22%2C%22IN560066A%22%2C%22IN560066B%22%2C%22IN560037A%22%2C%22IN560071A%22%2C%22IN560066C%22%2C%22IN560037B%22%5D&PositionLocation.Country=%5B390%5D
Meta,https://www.metacareers.com/jobs/?teams[0]=Software%20Engineering
Microsoft,https://jobs.careers.microsoft.com/global/en/search
Miro,https://miro.com/careers/open-positions/?department=engineering&page=1
Modash,https://www.modash.io/careers#jobs
Myntra,https://jobs.myntra.com/home
Nagarro ❌,
Namecheap,https://www.namecheap.com/careers/openings/
Navi,"https://navi.freshteam.com/jobs?location=[%22Bengaluru,%20India%22]&department=[%223000120211%22]&jobType=[%222%22]&title=&isRemoteLocation=false"
Netflix,https://explore.jobs.netflix.net/careers?location=any&pid=790312286629&Teams=Engineering&domain=netflix.com&sort_by=relevance
New Relic,https://newrelic.com/careers?areaOfInterest=Engineering&location=Bangalore%7CBangalore%252C%2520India%253B%2520Hyderabad
Nike,https://careers.nike.com/jobs
Niyo Solutions Inc.,https://www.niyo.co/careers#open-roles
Nutanix,https://careers.nutanix.com/en/jobs/?search=&country=India&location=Bangalore&team=Engineering&pagesize=20#results
NymCard,https://nymcard.com/careers/
ObserveAI,https://www.observe.ai/careers#open-positions
Okta,https://www.okta.com/company/careers/#careers-job-postings?department=4183&location=6056
Ola,https://www.olacabs.com/careers
Oracle,https://careers.oracle.com/en/sites/jobsearch/jobs?lastSelectedFacet=AttributeChar4&location=India&locationId=300000000106947&selectedCategoriesFacet=300000001917356&selectedFlexFieldsFacets=%22AttributeChar29%7CIndividual+Contributor%7C%7CAttributeChar4%7CEmployee%22&selectedLocationsFacet=300001842985425
Palo Alto Networks,https://jobs.paloaltonetworks.com/en/location/bengaluru-jobs/47263/1269750-1267701-1277333/4
Paypal,https://paypal.eightfold.ai/careers?&Job%20Category=Software%20Engineering&Job%20Category=Machine%20Learning%20Engineering&Job%20Category=Cybersecurity%20Engineering&Job%20Category=Technical%20Program%20Management&Job%20Category=Data%20Engineering&Job%20Category=Enterprise%20Systems&Job%20Category=Cybersecurity%20Operations&Job%20Category=Database%20Engineering&Job%20Category=Quality%20Engineering&Job%20Category=Lead%20Development&location=
Paytm,https://jobs.lever.co/paytm
PhonePe,https://www.phonepe.com/careers/jobs-by-department/engineering/
Pilvo,https://www.plivo.com/jobs/#open-positions
Pitch,https://pitch.com/jobs#positions
Podia,
Postman,https://job-boards.greenhouse.io/postman/
Qualcomm,https://careers.qualcomm.com/careers
Quora,https://jobs.ashbyhq.com/quora?departmentId=f2fc32f2-ac96-4385-9b66-6ca7feb3e9f1&employmentType=FullTime&locationId=232f5a4f-2279-41c4-971d-6d925d204921
Rattle,https://job-boards.greenhouse.io/rattle
Razorpay,https://razorpay.com/jobs/jobs-all/?location=Bangalore&department=
Recall,https://www.getrecall.ai/careers
Reddit,https://redditinc.com/careers
Revolut,https://www.revolut.com/en-IN/careers/?team=Engineering
Rippling,http://rippling.com/careers/open-roles
Rubrik,https://www.rubrik.com/company/careers/departments/engineering
Runway,https://runwayml.com/careers
Salesforce,https://careers.salesforce.com/en/jobs/?search=&country=India&location=Bangalore&team=Software+Engineering&pagesize=20#results
Scalar,https://www.scaler.com/careers/
Scapia,"https://scapia.freshteam.com/jobs?location=[%22Bengaluru,%20India%22]&department=[%226000203002%22]&jobType=[%222%22]&title=&isRemoteLocation=false"
ServiceNow,https://careers.servicenow.com/jobs/?page=2&country=India&region=Karnataka&location=Bangalore&pagesize=20#results
Shogun,https://getshogun.com/careers-apply?_gl=1*ebvt5k*_up*MQ..*_ga*OTM1MTg5NTI3LjE3NjU1MzI4NjA.*_ga_BTGPPDBCZ4*czE3NjU1MzI4NTkkbzEkZzEkdDE3NjU1MzI4NjckajUyJGwwJGg4MzI2MDY2NDg.*_ga_JHCKRHQ8CP*czE3NjU1MzI4NTkkbzEkZzEkdDE3NjU1MzI4NjckajUyJGwwJGgw
Shopify,https://www.shopify.com/careers/disciplines/engineering-data
Skillshare,https://jobs.lever.co/skillshare?team=Engineering
Slack,https://slack.com/intl/en-in/careers#openings
Slice,https://slice.bank.in/careers/apply/
Smile,https://smile.io/careers#roles
Snap,https://careers.snap.com/jobs?team=Engineering&role=Engineering&location=Bangalore&type=Regular
Spotify,https://www.lifeatspotify.com/jobs?l=remote-americas&l=remote-emea&l=remote-estamericas-remote&l=bangalore&c=backend&c=client-c&c=data&c=developer-tools-infrastructure&c=engineering-leadership&c=machine-learning&c=mobile&c=network-engineering-it&c=security&c=tech-research&c=web
Square Inc.,https://careers.squareup.com/us/en/jobs?brand%5B%5D=Square&role%5B%5D=Software%20Engineering&type%5B%5D=Full-time&location%5B%5D=Remote
StarTree,https://startree.ai/careers/#listings
Stripe,https://stripe.com/jobs/search?query=engineer&remote_locations=Asia+Pacific--India+Remote&office_locations=Asia+Pacific--Bengaluru
Sumo Logic,https://www.sumologic.com/company/careers#openings
SuperMoney by Flipkart,https://www.linkedin.com/company/getsupermoney/jobs/
Supermove,https://jobs.lever.co/supermove?commitment=Full-Time&team=Engineering&location=Remote
Swiggy,https://careers.swiggy.com/#/careers?src=careers&career_page_category=Technology
Tekion,https://job-boards.greenhouse.io/tekion?departments%5B%5D=4033123003&offices%5B%5D=4017797003
ThoughtWorks,https://www.thoughtworks.com/en-in/careers/jobs
Toggl,https://toggl.com/jobs/#jobs
Tortuga,https://www.tortugabackpacks.com/pages/careers
Twilio,https://www.twilio.com/en-us/company/jobs
Two Sigma,https://careers.twosigma.com/careers/OpenRoles/?5085=%5B16718776%5D&5085_format=3148&listFilterMode=1&jobRecordsPerPage=10&
Uber,https://www.uber.com/in/en/careers/list/?location=IND-Karnataka-Bangalore&department=Engineering&team=Backend&team=Engineering&team=Frontend&team=Fullstack
UiPath,https://www.uipath.com/careers/jobs
Unacademy,https://unacademy.darwinbox.in/ms/candidate/careers
Upwork,https://www.upwork.com/careers/jobs/explore
Urban Company,https://careers.urbancompany.com/jobs
Vcomply,https://www.v-comply.com/careers/
VEED,https://www.veed.io/careers
Virtusa❌,
Vmware,https://careers.vmware.com/india/jobs?stretchUnits=MILES&stretch=50&location=India&lat=22&lng=79&woe=12&tags1=Engineering%20and%20Technology&page=1&country=IND&state=Karnataka%7CBangalore&city=Bangalore
Walmart,"https://careers.walmart.com/results?q=&page=1&sort=rank&jobSubCategory=0000018b-4926-dbdf-a19b-6fbe42760000&expand=department,0000015e-b97d-d143-af5e-bd7da8ca0000,brand,type,rate"
Walmart,https://careers.walmart.com/
Warner Bros,https://careers.wbd.com/warner-bros-jobs
Yahoo,https://www.yahooinc.com/careers/search.html
Zepto,https://zepto.com.au/company/careers
Zerodha,https://careers.zerodha.com/
Zeta,https://www.zeta.tech/in/careers/work-with-us/?department=engineering
Zomato/Eternal,https://www.eternal.com/careers/
Zoom,https://careers.zoom.us/jobs/search?page=1&category_uids%5B%5D=0f7d801c7a66e8c1a8f080f51aa2ddcb&category_uids%5B%5D=b79264f5877fa58df2bb612887751822&country_codes%5B%5D=IN&cities%5B%5D=Remote&dropdown_field_1_uids%5B%5D=68f05999c6a65bdbf4b617c7edb88e95&query=
Zyte,https://apply.workable.com/zyte/#jobs
